mailto://jeffrey.brock@yale.edu
https://faculty.utrgv.edu/aaron.wilson/
https://it.brown.edu/computing-policies
http://www.acsu.buffalo.edu/~kutluhan/
http://sites.math.rutgers.edu/~alexk/
tel://+1-401-863-7635
http://www.mtu.edu/math/
http://www.math.ualberta.ca/~bowman
http://sites.uml.edu/min-hyung-cho
mailto://sinai.robins@gmail.com
http://faculty.utrgv.edu/alexey.glazyrin/
https://www.mathi.uni-heidelberg.de/~arandecker/
http://sites.baylor.edu/daniel_herden/
https://vimeo.com/84959728
http://www.dam.brown.edu/people/mmcguirl/
https://vimeo.com/80115995
http://www.ams.org/cgi-bin/notices/nxg.pl
https://brown.wd5.myworkdayjobs.com/en-US/staff-careers-brown/job/121-South-Main-Street/Application-Developer_REQ162630
https://www.linkedin.com/in/max-daniels-052a421a3/
https://www.oden.utexas.edu/people/1143/
tel://+1-401-863-7358
mailto://David_Loerke@brown.edu
https://www.math.ucdavis.edu/~deloera/
http://www.aimath.org/
tel://+1-401-863-6900
http://www.ma.utexas.edu/users/jdanciger/
http://ccv.brown.edu
http://www.patriciogallardo.com
https://www.math.unl.edu/~ncuwm/20thAnnual/
tel://+1-401-863-3793
http://www.dam.brown.edu/people/cklivans/
https://www.math.brown.edu/~jpipher/
http://math-faculty.xmu.edu.cn/display.aspx
http://schmoll.people.clemson.edu/
http://www.math.washington.edu/~hoffman/
tel://+1-401-863-2815
http://math.jhu.edu/jmartinezgarcia/
https://www.math.wustl.edu/~escobar/
http://educ.jmu.edu/~taalmala/
http://www.math.umass.edu/~hajir
https://nsf-tripods.org/
mailto://govind_menon@brown.edu
http://dumas.io/
http://reuf.aimath.org/workshops/previous/reuf-2016-aim/
https://statistics.yale.edu/seminars/anna-c-gilbert
http://math.ucla.edu/~mikehill
https://www.math.ucdavis.edu/~Anne/
https://math.ou.edu/~mjablonski/
https://math.la.asu.edu/~paupert/
https://math.dartmouth.edu/~orellana/
tel://+1-401-863-5022
http://www4.ncsu.edu/e rsazdan
http://math.hawaii.edu/~yuen/
http://downtownprovidence.com/business/us-post-office-annex-finance-station/
https://goo.gl/forms/zFREub4axidIR1bh2
http://math.mit.edu/~hkrieger
https://mathinstitutes.org/diversity/
http://pages.iu.edu/~msjolly/
http://www.dmi.unict.it/~russo/
https://ecrc.kaust.edu.sa/Pages/Dalcin.aspx
https://geometrica.saclay.inria.fr/team/Steve.Oudot/
https://www.brown.edu/about/administration/public-safety/personal-safety-tips
https://www.linkedin.com/in/mark-carpenter-aa92999/
https://payment.brown.edu/C20460_ustores/web/product_detail.jsp
http://www.tianranchen.org/
http://users.math.msu.edu/users/ycheng/Yingda_Cheng/Welcome.html
http://reuf.aimath.org
http://faculty.washington.edu/jathreya
http://www.math.brown.edu/~jhs/
https://www.oxy.edu/academics/faculty/ron-buckmire
https://math.duke.edu/people/jonathan-christopher-mattingly
tel://+1-401-863-1127
https://medicine.yale.edu/core/people/chenxi_huang.profile
https://www.di.ens.fr/~mallat/mallat.html
http://www.dpmms.cam.ac.uk/~tokieda/
http://www.umassd.edu/cas/math/people/facultyandstaff/sigalgottlieb
http://www.math.hawaii.edu/~mmanes/
https://www.maa.org/news/mathematical-association-of-america-welcomes-new-deputy-executive-director-rachel-levy
https://www.mathprograms.org/db/programs/861
mailto://Caroline_Klivans@brown.edu
http://mathjobs.org/jobs/ICERM
http://math.sci.ccny.cuny.edu/people
https://www.linkedin.com/in/cathy-boutin-58876739/
http://www.linkedin.com/in/hannahodom22
https://andreask.cs.illinois.edu
http://www.math.ucla.edu/~ytchow/
http://www.math.tamu.edu/people/formalpg.php
https://www.math.ucla.edu/~otter/
http://research.microsoft.com/en-us/
http://elliptic.space/
http://www.wagner.com/
https://sites.google.com/site/awmmath/awm40events
http://www.ms.uky.edu/~myip/
https://www.nsf.gov/div/index.jsp
http://www-personal.umich.edu/~borcea/
http://huang.web.unc.edu/
https://maths.anu.edu.au/people/academics/katharine-turner
http://www.massport.com/logan-airport/
http://mathstat.slu.edu/~hutzba/
https://www.lancaster.ac.uk/maths/people/anthony-nixon
http://covid.brown.edu
https://mason.gmu.edu/~cthoma40/
https://satyandevadoss.org/
https://math.williams.edu/thomas-garrity/
http://www.nsf.gov/
http://elizabethmunch.com/
http://www.math.brown.edu/~res/
http://vlasiuk.com
http://www.math.brown.edu/~banchoff/
https://library.brown.edu/
http://www1.villanova.edu/villanova/artsci/mathematics/facstaff/biodetail.html
tel://+1-401-863-7010
https://cims.nyu.edu/~kempe/
http://www.math.unl.edu/~hdu5/
http://lukyanenko.net/
http://www.math.ubc.ca/~carrell/
https://www.nianet.org/
tel://+1-814-865-752
http://www.dam.brown.edu/people/sandsted/
http://www.rpi.edu/~lif
http://www4.ncsu.edu/~lfpasley
https://www.simonsfoundation.org/grant/targeted-grants-to-institutes/
http://visitor.r20.constantcontact.com/manage/optin/ea
https://faculty.math.illinois.edu/~tyson/
http://www.math.cornell.edu/~connelly/
http://home.math.au.dk/jensen/
https://www.kth.se/profile/msandb
http://www.dickinson.edu/homepage/117/mathematics
https://stochastic_numerics.kaust.edu.sa/Pages/Hoel.aspx
http://research.microsoft.com/en-us/um/people/cohn/
https://docs.ccv.brown.edu/oscar/
https://sites.google.com/site/eliealhajjar/home
https://math.dartmouth.edu/~annegelb/
http://www.bates.edu/mathematics/faculty-staff/katharine-ott/
http://trevino.cat
https://healthsciences.ucsd.edu/som/medicine/divisions/med-genetics/research/Pages/Mesirov-Lab.aspx
http://www.ben.edu
http://www.ms.uky.edu/~cama268/
http://www.cs.ubc.ca/~rbridson/
http://www.faculty.umassd.edu/yanlai.chen/
http://www.mathforamerica.org/about/team/john-ewing
https://www.mathforamerica.org/
http://reuf.aimath.org/outcomes/
https://youtu.be/gv0TFo-G8Ik
http://math.okstate.edu/people/erichmond/
https://translate.googleusercontent.com/translate_c
http://www.ripta.com/
http://sascha.timme.xzy
tel://+1-401-863-5018
http://ufrj.academia.edu/HansChristianHerbig
tel://+1-401-863-1000
http://studioinfinity.org
http://www.circlepack.com/
https://stat.oregonstate.edu/node/1083
https://www.stonehill.edu/programs/partnerships-special-programs/girls-get-math/
https://twitter.com/icerm
https://www.morehouse.edu/academics/math/uwilson.html
http://www.math.psu.edu/tabachni/
https://www.brown.edu/news/2020-06-01/injustice
https://blogs.ams.org/inclusionexclusion/2017/08/26/at-icerm-girls-get-math/
http://iadeboye.faculty.wesleyan.edu/
https://cmup.fc.up.pt/cmup/pbgothen/
https://mathinstitutes.org/
https://www.amtrak.com/home.html
tel://+1-401-863-5016
http://www.math.lsa.umich.edu/~kesmith/
https://www.math.brown.edu/~jhoff/
http://mathicse.epfl.ch
http://www.yorku.ca/pingram
http://www.mathcs.duq.edu/~haensch/
http://www.math.unl.edu/~alarios2/
https://www.alexandriavolkening.com
https://sites.google.com/view/annama
https://engineering.jhu.edu/ams/faculty/mauro-maggioni/
http://www.springerpub.com/
https://sites.google.com/view/waiyeunglam/
mailto://Catherine_Nellis@brown.edu
https://sites.google.com/view/giuseppemartone/home
tel://+1-401-863-7696
https://www.math.binghamton.edu/laura/
http://www.ms.uky.edu/~kate
https://math.yale.edu/news/yale-appoints-mathematician-jeff-brock-first-fas-dean-science
http://www.math.umd.edu/~wmg
http://www.math.brown.edu/faculty/hoffstein.html
https://cims.nyu.edu/~bruna/
https://acdl.mit.edu/haimes.html
https://instagram.com/icerm_brownu
http://www.uvm.edu/~cvincen1/
http://www.wesleyan.edu/academics/faculty/crasmussen/profile.html
https://mkilme01.pages.tufts.edu/
http://page.mi.fu-berlin.de/mskrodzki/
http://oliver.impa.br/
https://math.usask.ca/~rayan/
http://www.math.udel.edu/~jingqiu/
http://www.eecs.harvard.edu/~sjg/
http://attila.sdsu.edu/~jacobs/
https://math.stanford.edu/~bump/
http://www.brown.edu/about/administration/controller/accounts-payable/annual-spending-guidelines
https://www.mathi.uni-heidelberg.de/~ndang/english.html
https://maps.google.com
https://math.yale.edu/people/jeff-brock
https://services.math.duke.edu/~ciocanel/
http://brain2.math.fau.edu/~elundber/index.html
http://www.brownrec.com/inside_rec/recfacilities
http://www.math.oregonstate.edu/~bokilv
http://educ.jmu.edu/~ohmx/
http://chemists.princeton.edu/torquato/people/
http://www1.cmc.edu/pages/faculty/DNeedell/
https://faculty.qu.edu.sa/msajd
https://peterpanbus.com/
https://www.ripta.com/
https://sites.udel.edu/naya/girls-get-math/
tel://+1-401-863-3323
https://math.okstate.edu/people/fili/
http://web.cse.ohio-state.edu/~yusu/
https://www.brown.edu/about/administration/institutional-diversity/action-plans/academic-diversity-inclusion-action-plans
https://davidlowryduda.com/
https://www.youtube.com/channel/UCdrbCgTtEFpAM2uj25sT1og/
http://math.umn.edu/~dbilyk/
http://math.gmu.edu/~sander/
http://www.pvdairport.com/
http://mathsci.appstate.edu
http://www.maths.dur.ac.uk/~dma0dw
https://www.mathjobs.org/jobs/ICERM
https://www.haverford.edu/users/taougab
http://www.math.brown.edu/~bhassett/ICERMandSystemicInjustice.pdf
https://www.brown.edu/academics/applied-mathematics/kavita-ramanan
https://www.anl.gov/profile/sven-leyffer
http://math.northwestern.edu/~auffing/
http://www.dam.brown.edu/people/menon/
http://www.iiserpune.ac.in/~tejas/
https://w3.cs.jmu.edu/bowersjc/
tel://+14018635030
http://katherinemkinnaird.net/
https://sites.math.washington.edu/~skayf/
http://www.math.fsu.edu/~bowers/
http://www.math.indiana.edu/
https://www.asc.ohio-state.edu/merriman.72
http://linkedin.com/in/nataliedurgin
https://www.brown.edu/initiatives/data-science/
https://sites.google.com/view/rohini-ramadas/home
mailto://jan.hesthaven@epfl.ch
https://gauss.math.yale.edu/~cu43/
https://math.cornell.edu/ravi-ramakrishna
http://matsumoto.gatech.edu
mailto://julia.grigsby@bc.edu
https://www.cerrocoso.edu/escc/bishop
http://www.dmi.unict.it/~boscarino
https://youtu.be/60F3-ybQGS0
https://www.math.columbia.edu/~corwin/
http://homeweb.unifr.ch/Izmestie/pub/index.html
https://docs.google.com/forms/d/e/1FAIpQLSfyPqIMVNflpqpSFm-UByx4cJARYbkhgYA3kdBBhmPpBfpnCg/viewform
https://www.facebook.com/pages/Institute-for-Computational-Experimental-Research-in-Mathematics-ICERM/207933789222150
https://www2.bc.edu/julia-grigsby/
https://twitter.com/ICERM
http://csc.ucdavis.edu/~kburke/korana/Home.html
http://www.math.stonybrook.edu/~moira/
http://www.slb.com/
https://www.pacm.princeton.edu/people/daniel-cooney
https://www.fandm.edu/annalisa-crannell
tel:// +1-404-653-7887
https://www.simonsfoundation.org/team/leslie-greengard/
http://www.sci.utah.edu/~akil
https://math.berkeley.edu/~wilken/
http://math.colorado.edu/~sebo2151
http://users.wpi.edu/~walker/
http://www.math.brown.edu/%7Ejpipher/
http://aimath.org/ARCC/workshops/reuf4.html
http://www.stwing.upenn.edu/~erichall
http://faculty.rhodes.edu/seaton/
http://reuf.aimath.org/workshops/previous/reuf-2016-data/
http://math.berkeley.edu/~etsuker/index.htm
http://www.utdallas.edu/~mxa149530/
https://sites.google.com/bu.edu/girlsgetmath
https://sites.google.com/a/union.edu/gasparovic/
https://www.math.brown.edu/~bhassett/
http://reuf.aimath.org/reuf-2018/
http://www.math.psu.edu/tabachni
https://www.brice.loustau.eu/
http://wkchan.web.wesleyan.edu/
https://www.math.ucdavis.edu/research/profiles/
tel://+41 21 69 30351
http://www-users.math.umn.edu/~brubaker/
https://maps.google.com/
http://home.wlu.edu/~abramsa/
http://www.math.dartmouth.edu/~mutzel
https://www.brown.edu/about/administration/transportation/brown-university-shuttle
https://www.facebook.com/icerm/
https://mathalliance.org/field-of-dreams-conference/
tel://+1-401-863-7581
tel://+1-401-863-5015
http://www.math.ou.edu/~rschmidt/
https://bbis.advancement.brown.edu/BBPhenix/give-now
http://www.oist.jp/news-center/news/2016/9/2/oist-welcomes-its-5th-graduate-class
https://vimeo.com/91652794
http://math.colorado.edu/~kstange/index.html
https://www.irs.gov/tax-professionals/standard-mileage-rates
https://www.llnl.gov/news/sandia%E2%80%99s-hendrickson-lead-llnl-computation
http://www.benjaminlinowitz.com/
https://sites.google.com/site/angeloskoutsianas/
https://web1.maths.unsw.edu.au/~yuguangwang/
http://mathsci.kaist.ac.kr/home/en/
http://castle.eiu.edu/aalvarado2
http://www.math.umd.edu/~wmg/
https://sites.google.com/site/drjeffreysmeyer/home
http://www.math.stonybrook.edu/~yinghong/
https://rishi-advani.com
http://math.haifa.ac.il/~stella/
tel://+1-401-863-5030
http://falcon-math.org
http://math.gatech.edu
http://people.math.gatech.edu/~jyu67/
http://www.math.ucla.edu/~montufar/
https://math.hawaii.edu/wordpress/people/helminck/
https://sites.google.com/site/zhesunmath/
mailto://tabachni@math.psu.edu
http://www.caarms.net
http://www.math.vanderbilt.edu/~dowdalsd/
http://mcss.epfl.ch/cms/site/mcss/lang/en/Hesthaven
https://www.linkedin.com/company/institute-for-computational-and-experimental-research-in-mathematics-icerm-/
https://sites.google.com/view/tscrim/home
https://mathdept.ucr.edu/faculty/weitaochen.html
https://www.yueren.de/
http://www.buffalo.edu/cas/math/people/faculty/simone-cassani.html
http://www.jsums.edu/math/dr-wright/
http://danielaferrero.wp.txstate.edu/
https://youtu.be/f5GmUxl2NaU
http://sashakolpakov.wordpress.com
https://www.mbta.com/trip-planner
http://www.mtholyoke.edu/~jsidman/
http://math.gmu.edu/~slawton3/
http://reuf.aimath.org/workshops/previous/reuf-2014/
https://www.math.upenn.edu/~cle/
https://www.nsf.gov/news/special_reports/announcements/
http://w3.impa.br/~mbel/
https://people.math.osu.edu/anderson.2804/
https://rhynd.math.upenn.edu/
http://sacnas.org/
mailto://jhoff@math.brown.edu
http://parkdowntownprovidence.com/
http://people.sissa.it/~lerario
http://math.vassar.edu/bios/mccleary.html
https://cecas.clemson.edu/~burr2/
https://www.maa.org/pic-math/workshop-on-data-science
https://local.fedex.com/ri/providence/office-4503/
http://www.sci.utah.edu/~beiwang/
tel://+1-401-863-5023
https://news.brown.edu/articles/2017/04/icerm
http://www.wpi.edu/academics/math/
https://www.uvu.edu/profpages/profiles/show/user_id/8865
tel://+1-401-863-5017
https://www.nsf.gov/
https://sites.google.com/site/sinairobins/home
http://math.byu.edu/~whitehead
http://people.math.gatech.edu/~mbaker/
http://webpages.uidaho.edu/AlexanderWoo/
http://cs.brown.edu/people/alysyans/
https://www.goucher.edu/learn/academic-centers/data-mathematical-and-computational-sciences/faculty/rachel-grotheer
http://www.brownrec.com/membershipguestpass
http://math.gmu.edu/fac-staff-directory.php
http://www.math.unl.edu/~aseceleanu2
http://people.math.gatech.edu/~aleykin3/
https://alexchandler.wordpress.ncsu.edu/
http://www.math.cornell.edu/
